{"cameraMode":{"drawMode":0,"name":"Shaded","section":"Shading Mode"},"sceneLighting":true,"audioPlay":false,"sceneViewState":{"m_AlwaysRefresh":false,"showFog":true,"showSkybox":false,"showFlares":true,"showImageEffects":true,"showParticleSystems":true,"showVisualEffectGraphs":true,"m_FxEnabled":true},"in2DMode":false,"pivot":{"x":-0.0030506153125315906,"y":0.41537806391716006,"z":1.7349869012832642},"rotation":{"x":0.017998918890953065,"y":0.0014996107202023268,"z":-0.000027026631869375706,"w":0.9998365044593811},"size":1.706899881362915,"orthographic":false}